Country Name,Country Code,Year,Value
Arab World,ARB,1960,92490932
Arab World,ARB,1961,95044497
Arab World,ARB,1962,97682294
Arab World,ARB,1963,100411076
Arab World,ARB,1964,103239902
Arab World,ARB,1965,106174988
Arab World,ARB,1966,109230593
Arab World,ARB,1967,112406932
Arab World,ARB,1968,115680165
Arab World,ARB,1969,119016542
Arab World,ARB,1970,122398374
Arab World,ARB,1971,125807419
Arab World,ARB,1972,129269375
Arab World,ARB,1973,132863416
Arab World,ARB,1974,136696761
Arab World,ARB,1975,140843298
Arab World,ARB,1976,145332378
Arab World,ARB,1977,150133054
Arab World,ARB,1978,155183724
Arab World,ARB,1979,160392488
Arab World,ARB,1980,165689490
Arab World,ARB,1981,171051950
Arab World,ARB,1982,176490084
Arab World,ARB,1983,182005827
Arab World,ARB,1984,187610756
Arab World,ARB,1985,193310301
Arab World,ARB,1986,199093767
Arab World,ARB,1987,204942549
Arab World,ARB,1988,210844771
Arab World,ARB,1989,216787402
Arab World,ARB,1990,224735446
Arab World,ARB,1991,230829868
Arab World,ARB,1992,235037179
Arab World,ARB,1993,241286091
Arab World,ARB,1994,247435930
Arab World,ARB,1995,255029671
Arab World,ARB,1996,260843462
Arab World,ARB,1997,266575075
Arab World,ARB,1998,272235146
Arab World,ARB,1999,277962869
Arab World,ARB,2000,283832016
Arab World,ARB,2001,289850357
Arab World,ARB,2002,296026575
Arab World,ARB,2003,302434519
Arab World,ARB,2004,309162029
Arab World,ARB,2005,316264728
Arab World,ARB,2006,323773264
Arab World,ARB,2007,331653797
Arab World,ARB,2008,339825483
Arab World,ARB,2009,348145094
Arab World,ARB,2010,356508908
Arab World,ARB,2011,364895878
Arab World,ARB,2012,373306993
Arab World,ARB,2013,381702086
Arab World,ARB,2014,390043028
Arab World,ARB,2015,398304960
Arab World,ARB,2016,406452690
Caribbean small states,CSS,1960,4198307
Caribbean small states,CSS,1961,4277802
Caribbean small states,CSS,1962,4357746
Caribbean small states,CSS,1963,4436804
Caribbean small states,CSS,1964,4513246
Caribbean small states,CSS,1965,4585777
Caribbean small states,CSS,1966,4653919
Caribbean small states,CSS,1967,4718167
Caribbean small states,CSS,1968,4779624
Caribbean small states,CSS,1969,4839881
Caribbean small states,CSS,1970,4900059
Caribbean small states,CSS,1971,4960647
Caribbean small states,CSS,1972,5021359
Caribbean small states,CSS,1973,5082049
Caribbean small states,CSS,1974,5142246
Caribbean small states,CSS,1975,5201705
Caribbean small states,CSS,1976,5260062
Caribbean small states,CSS,1977,5317542
Caribbean small states,CSS,1978,5375393
Caribbean small states,CSS,1979,5435143
Caribbean small states,CSS,1980,5497756
Caribbean small states,CSS,1981,5564200
Caribbean small states,CSS,1982,5633661
Caribbean small states,CSS,1983,5702754
Caribbean small states,CSS,1984,5766957
Caribbean small states,CSS,1985,5823242
Caribbean small states,CSS,1986,5870023
Caribbean small states,CSS,1987,5908886
Caribbean small states,CSS,1988,5943661
Caribbean small states,CSS,1989,5979907
Caribbean small states,CSS,1990,6021614
Caribbean small states,CSS,1991,6070204
Caribbean small states,CSS,1992,6124265
Caribbean small states,CSS,1993,6181538
Caribbean small states,CSS,1994,6238576
Caribbean small states,CSS,1995,6292827
Caribbean small states,CSS,1996,6343683
Caribbean small states,CSS,1997,6392040
Caribbean small states,CSS,1998,6438587
Caribbean small states,CSS,1999,6484510
Caribbean small states,CSS,2000,6530691
Caribbean small states,CSS,2001,6577216
Caribbean small states,CSS,2002,6623792
Caribbean small states,CSS,2003,6670276
Caribbean small states,CSS,2004,6716373
Caribbean small states,CSS,2005,6761932
Caribbean small states,CSS,2006,6806838
Caribbean small states,CSS,2007,6851221
Caribbean small states,CSS,2008,6895315
Caribbean small states,CSS,2009,6939534
Caribbean small states,CSS,2010,6984096
Caribbean small states,CSS,2011,7029022
Caribbean small states,CSS,2012,7074129
Caribbean small states,CSS,2013,7118888
Caribbean small states,CSS,2014,7162679
Caribbean small states,CSS,2015,7204948
Caribbean small states,CSS,2016,7245472
Central Europe and the Baltics,CEB,1960,91401583
Central Europe and the Baltics,CEB,1961,92237118
Central Europe and the Baltics,CEB,1962,93014890
Central Europe and the Baltics,CEB,1963,93845749
Central Europe and the Baltics,CEB,1964,94722599
Central Europe and the Baltics,CEB,1965,95447065
Central Europe and the Baltics,CEB,1966,96148635
Central Europe and the Baltics,CEB,1967,97043587
Central Europe and the Baltics,CEB,1968,97882394
Central Europe and the Baltics,CEB,1969,98602140
Central Europe and the Baltics,CEB,1970,99133296
Central Europe and the Baltics,CEB,1971,99638983
Central Europe and the Baltics,CEB,1972,100363597
Central Europe and the Baltics,CEB,1973,101120519
Central Europe and the Baltics,CEB,1974,101946256
Central Europe and the Baltics,CEB,1975,102862489
Central Europe and the Baltics,CEB,1976,103770134
Central Europe and the Baltics,CEB,1977,104589313
Central Europe and the Baltics,CEB,1978,105304312
Central Europe and the Baltics,CEB,1979,105924838
Central Europe and the Baltics,CEB,1980,106564905
Central Europe and the Baltics,CEB,1981,107187982
Central Europe and the Baltics,CEB,1982,107770794
Central Europe and the Baltics,CEB,1983,108326895
Central Europe and the Baltics,CEB,1984,108853181
Central Europe and the Baltics,CEB,1985,109360296
Central Europe and the Baltics,CEB,1986,109847148
Central Europe and the Baltics,CEB,1987,110296680
Central Europe and the Baltics,CEB,1988,110688533
Central Europe and the Baltics,CEB,1989,110801380
Central Europe and the Baltics,CEB,1990,110745760
Central Europe and the Baltics,CEB,1991,110290445
Central Europe and the Baltics,CEB,1992,110005636
Central Europe and the Baltics,CEB,1993,110081461
Central Europe and the Baltics,CEB,1994,110019570
Central Europe and the Baltics,CEB,1995,109913216
Central Europe and the Baltics,CEB,1996,109563097
Central Europe and the Baltics,CEB,1997,109459093
Central Europe and the Baltics,CEB,1998,109207205
Central Europe and the Baltics,CEB,1999,109102354
Central Europe and the Baltics,CEB,2000,108405522
Central Europe and the Baltics,CEB,2001,107800399
Central Europe and the Baltics,CEB,2002,107097577
Central Europe and the Baltics,CEB,2003,106760768
Central Europe and the Baltics,CEB,2004,106466116
Central Europe and the Baltics,CEB,2005,106173766
Central Europe and the Baltics,CEB,2006,105901322
Central Europe and the Baltics,CEB,2007,105504531
Central Europe and the Baltics,CEB,2008,105126686
Central Europe and the Baltics,CEB,2009,104924372
Central Europe and the Baltics,CEB,2010,104543801
Central Europe and the Baltics,CEB,2011,104174038
Central Europe and the Baltics,CEB,2012,103935318
Central Europe and the Baltics,CEB,2013,103713726
Central Europe and the Baltics,CEB,2014,103496179
Central Europe and the Baltics,CEB,2015,103257751
Central Europe and the Baltics,CEB,2016,102974082
Early-demographic dividend,EAR,1960,979226919
Early-demographic dividend,EAR,1961,1002452948
Early-demographic dividend,EAR,1962,1026507449
Early-demographic dividend,EAR,1963,1051325637
Early-demographic dividend,EAR,1964,1076932498
Early-demographic dividend,EAR,1965,1103304703
Early-demographic dividend,EAR,1966,1130426147
Early-demographic dividend,EAR,1967,1158369169
Early-demographic dividend,EAR,1968,1187026097
Early-demographic dividend,EAR,1969,1216472256
Early-demographic dividend,EAR,1970,1246716017
Early-demographic dividend,EAR,1971,1277762374
Early-demographic dividend,EAR,1972,1309604349
Early-demographic dividend,EAR,1973,1342263687
Early-demographic dividend,EAR,1974,1375594732
Early-demographic dividend,EAR,1975,1409580208
Early-demographic dividend,EAR,1976,1444169309
Early-demographic dividend,EAR,1977,1479422523
Early-demographic dividend,EAR,1978,1515592095
Early-demographic dividend,EAR,1979,1553047664
Early-demographic dividend,EAR,1980,1591990202
Early-demographic dividend,EAR,1981,1632475500
Early-demographic dividend,EAR,1982,1674359619
Early-demographic dividend,EAR,1983,1717368237
Early-demographic dividend,EAR,1984,1761090462
Early-demographic dividend,EAR,1985,1805249148
Early-demographic dividend,EAR,1986,1849730185
Early-demographic dividend,EAR,1987,1894522377
Early-demographic dividend,EAR,1988,1939445455
Early-demographic dividend,EAR,1989,1984308307
Early-demographic dividend,EAR,1990,2031055831
Early-demographic dividend,EAR,1991,2075649490
Early-demographic dividend,EAR,1992,2119850957
Early-demographic dividend,EAR,1993,2163826818
Early-demographic dividend,EAR,1994,2207779855
Early-demographic dividend,EAR,1995,2251918069
Early-demographic dividend,EAR,1996,2296329568
Early-demographic dividend,EAR,1997,2340898615
Early-demographic dividend,EAR,1998,2385398260
Early-demographic dividend,EAR,1999,2429667617
Early-demographic dividend,EAR,2000,2473774746
Early-demographic dividend,EAR,2001,2517286127
Early-demographic dividend,EAR,2002,2560644470.88287
Early-demographic dividend,EAR,2003,2603838624.89893
Early-demographic dividend,EAR,2004,2647027405.99137
Early-demographic dividend,EAR,2005,2690316623.24397
Early-demographic dividend,EAR,2006,2733734510.48499
Early-demographic dividend,EAR,2007,2777285768.99093
Early-demographic dividend,EAR,2008,2820959886.29553
Early-demographic dividend,EAR,2009,2864730145.1102
Early-demographic dividend,EAR,2010,2908808244.36223
Early-demographic dividend,EAR,2011,2952873719.35782
Early-demographic dividend,EAR,2012,2996573424.07723
Early-demographic dividend,EAR,2013,3040240927.61008
Early-demographic dividend,EAR,2014,3083836359.73916
Early-demographic dividend,EAR,2015,3127290268.68203
Early-demographic dividend,EAR,2016,3170542188
East Asia & Pacific,EAS,1960,1042016962
East Asia & Pacific,EAS,1961,1045307974
East Asia & Pacific,EAS,1962,1059467033
East Asia & Pacific,EAS,1963,1084916211
East Asia & Pacific,EAS,1964,1109997197
East Asia & Pacific,EAS,1965,1136131881
East Asia & Pacific,EAS,1966,1165700563
East Asia & Pacific,EAS,1967,1194329626
East Asia & Pacific,EAS,1968,1223381452
East Asia & Pacific,EAS,1969,1255964340
East Asia & Pacific,EAS,1970,1288580672
East Asia & Pacific,EAS,1971,1322181844
East Asia & Pacific,EAS,1972,1354002849
East Asia & Pacific,EAS,1973,1384272287
East Asia & Pacific,EAS,1974,1414384540
East Asia & Pacific,EAS,1975,1441541935
East Asia & Pacific,EAS,1976,1465814651
East Asia & Pacific,EAS,1977,1488757160
East Asia & Pacific,EAS,1978,1511580462
East Asia & Pacific,EAS,1979,1534795624
East Asia & Pacific,EAS,1980,1557506468
East Asia & Pacific,EAS,1981,1580901245
East Asia & Pacific,EAS,1982,1606486447
East Asia & Pacific,EAS,1983,1632005817
East Asia & Pacific,EAS,1984,1656292670
East Asia & Pacific,EAS,1985,1681267479
East Asia & Pacific,EAS,1986,1707960613
East Asia & Pacific,EAS,1987,1736144967
East Asia & Pacific,EAS,1988,1764605492
East Asia & Pacific,EAS,1989,1792425355
East Asia & Pacific,EAS,1990,1819288343
East Asia & Pacific,EAS,1991,1845101737
East Asia & Pacific,EAS,1992,1869217918
East Asia & Pacific,EAS,1993,1892440716
East Asia & Pacific,EAS,1994,1915670711
East Asia & Pacific,EAS,1995,1938715324
East Asia & Pacific,EAS,1996,1961419043
East Asia & Pacific,EAS,1997,1983653425
East Asia & Pacific,EAS,1998,2005143552
East Asia & Pacific,EAS,1999,2025300644
East Asia & Pacific,EAS,2000,2044496088
East Asia & Pacific,EAS,2001,2063002418
East Asia & Pacific,EAS,2002,2080534724
East Asia & Pacific,EAS,2003,2097265008
East Asia & Pacific,EAS,2004,2113465324
East Asia & Pacific,EAS,2005,2129445086
East Asia & Pacific,EAS,2006,2145245494
East Asia & Pacific,EAS,2007,2160431752
East Asia & Pacific,EAS,2008,2175832008
East Asia & Pacific,EAS,2009,2190811045
East Asia & Pacific,EAS,2010,2205614879
East Asia & Pacific,EAS,2011,2220357890
East Asia & Pacific,EAS,2012,2235430359
East Asia & Pacific,EAS,2013,2250552199
East Asia & Pacific,EAS,2014,2265898057
East Asia & Pacific,EAS,2015,2281203360
East Asia & Pacific,EAS,2016,2296786207
East Asia & Pacific (excluding high income),EAP,1960,896028698
East Asia & Pacific (excluding high income),EAP,1961,895298263
East Asia & Pacific (excluding high income),EAP,1962,906884794
East Asia & Pacific (excluding high income),EAP,1963,929755070
East Asia & Pacific (excluding high income),EAP,1964,952270698
East Asia & Pacific (excluding high income),EAP,1965,975806696
East Asia & Pacific (excluding high income),EAP,1966,1002934760
East Asia & Pacific (excluding high income),EAP,1967,1029191793
East Asia & Pacific (excluding high income),EAP,1968,1056451631
East Asia & Pacific (excluding high income),EAP,1969,1085459960
East Asia & Pacific (excluding high income),EAP,1970,1115426888
East Asia & Pacific (excluding high income),EAP,1971,1146089613
East Asia & Pacific (excluding high income),EAP,1972,1175063145
East Asia & Pacific (excluding high income),EAP,1973,1203125473
East Asia & Pacific (excluding high income),EAP,1974,1229692862
East Asia & Pacific (excluding high income),EAP,1975,1253833445
East Asia & Pacific (excluding high income),EAP,1976,1276113367
East Asia & Pacific (excluding high income),EAP,1977,1296790080
East Asia & Pacific (excluding high income),EAP,1978,1317415135
East Asia & Pacific (excluding high income),EAP,1979,1338309727
East Asia & Pacific (excluding high income),EAP,1980,1358820476
East Asia & Pacific (excluding high income),EAP,1981,1379912281
East Asia & Pacific (excluding high income),EAP,1982,1403263369
East Asia & Pacific (excluding high income),EAP,1983,1426711590
East Asia & Pacific (excluding high income),EAP,1984,1449129592
East Asia & Pacific (excluding high income),EAP,1985,1472378771
East Asia & Pacific (excluding high income),EAP,1986,1497346873
East Asia & Pacific (excluding high income),EAP,1987,1523913102
East Asia & Pacific (excluding high income),EAP,1988,1550788717
East Asia & Pacific (excluding high income),EAP,1989,1576996364
East Asia & Pacific (excluding high income),EAP,1990,1602333626
East Asia & Pacific (excluding high income),EAP,1991,1626573153
East Asia & Pacific (excluding high income),EAP,1992,1649254066
East Asia & Pacific (excluding high income),EAP,1993,1671105718
East Asia & Pacific (excluding high income),EAP,1994,1692831189
East Asia & Pacific (excluding high income),EAP,1995,1714178345
East Asia & Pacific (excluding high income),EAP,1996,1735206930
East Asia & Pacific (excluding high income),EAP,1997,1756055502
East Asia & Pacific (excluding high income),EAP,1998,1776225147
East Asia & Pacific (excluding high income),EAP,1999,1795288998
East Asia & Pacific (excluding high income),EAP,2000,1813301554
East Asia & Pacific (excluding high income),EAP,2001,1830514334
East Asia & Pacific (excluding high income),EAP,2002,1846954095
East Asia & Pacific (excluding high income),EAP,2003,1862791918
East Asia & Pacific (excluding high income),EAP,2004,1878255588
East Asia & Pacific (excluding high income),EAP,2005,1893574455
East Asia & Pacific (excluding high income),EAP,2006,1908392032
East Asia & Pacific (excluding high income),EAP,2007,1922657606
East Asia & Pacific (excluding high income),EAP,2008,1936774935
East Asia & Pacific (excluding high income),EAP,2009,1950768124
East Asia & Pacific (excluding high income),EAP,2010,1964691596
East Asia & Pacific (excluding high income),EAP,2011,1978727582
East Asia & Pacific (excluding high income),EAP,2012,1993008684
East Asia & Pacific (excluding high income),EAP,2013,2007434775
East Asia & Pacific (excluding high income),EAP,2014,2022021082
East Asia & Pacific (excluding high income),EAP,2015,2036552598
East Asia & Pacific (excluding high income),EAP,2016,2051431154
East Asia & Pacific (IDA & IBRD countries),TEA,1960,884594151
East Asia & Pacific (IDA & IBRD countries),TEA,1961,883622082
East Asia & Pacific (IDA & IBRD countries),TEA,1962,895002116
East Asia & Pacific (IDA & IBRD countries),TEA,1963,917678098
East Asia & Pacific (IDA & IBRD countries),TEA,1964,939976174
East Asia & Pacific (IDA & IBRD countries),TEA,1965,963246433
East Asia & Pacific (IDA & IBRD countries),TEA,1966,990056431
East Asia & Pacific (IDA & IBRD countries),TEA,1967,1015955063
East Asia & Pacific (IDA & IBRD countries),TEA,1968,1042826969
East Asia & Pacific (IDA & IBRD countries),TEA,1969,1071434338
East Asia & Pacific (IDA & IBRD countries),TEA,1970,1101000676
East Asia & Pacific (IDA & IBRD countries),TEA,1971,1131263830
East Asia & Pacific (IDA & IBRD countries),TEA,1972,1159838734
East Asia & Pacific (IDA & IBRD countries),TEA,1973,1187515154
East Asia & Pacific (IDA & IBRD countries),TEA,1974,1213723493
East Asia & Pacific (IDA & IBRD countries),TEA,1975,1237541051
East Asia & Pacific (IDA & IBRD countries),TEA,1976,1259540585
East Asia & Pacific (IDA & IBRD countries),TEA,1977,1279975038
East Asia & Pacific (IDA & IBRD countries),TEA,1978,1300380203
East Asia & Pacific (IDA & IBRD countries),TEA,1979,1321054512
East Asia & Pacific (IDA & IBRD countries),TEA,1980,1341328073
East Asia & Pacific (IDA & IBRD countries),TEA,1981,1362159945
East Asia & Pacific (IDA & IBRD countries),TEA,1982,1385232730
East Asia & Pacific (IDA & IBRD countries),TEA,1983,1408390228
East Asia & Pacific (IDA & IBRD countries),TEA,1984,1430515138
East Asia & Pacific (IDA & IBRD countries),TEA,1985,1453475988
East Asia & Pacific (IDA & IBRD countries),TEA,1986,1478163226
East Asia & Pacific (IDA & IBRD countries),TEA,1987,1504452906
East Asia & Pacific (IDA & IBRD countries),TEA,1988,1531050837
East Asia & Pacific (IDA & IBRD countries),TEA,1989,1556971773
East Asia & Pacific (IDA & IBRD countries),TEA,1990,1582008622
East Asia & Pacific (IDA & IBRD countries),TEA,1991,1605931102
East Asia & Pacific (IDA & IBRD countries),TEA,1992,1628282963
East Asia & Pacific (IDA & IBRD countries),TEA,1993,1649805506
East Asia & Pacific (IDA & IBRD countries),TEA,1994,1671218210
East Asia & Pacific (IDA & IBRD countries),TEA,1995,1692280431
East Asia & Pacific (IDA & IBRD countries),TEA,1996,1713057144
East Asia & Pacific (IDA & IBRD countries),TEA,1997,1733683046
East Asia & Pacific (IDA & IBRD countries),TEA,1998,1753650434
East Asia & Pacific (IDA & IBRD countries),TEA,1999,1772519122
East Asia & Pacific (IDA & IBRD countries),TEA,2000,1790334133
East Asia & Pacific (IDA & IBRD countries),TEA,2001,1807343753
East Asia & Pacific (IDA & IBRD countries),TEA,2002,1823578257
East Asia & Pacific (IDA & IBRD countries),TEA,2003,1839213961
East Asia & Pacific (IDA & IBRD countries),TEA,2004,1854486630
East Asia & Pacific (IDA & IBRD countries),TEA,2005,1869631076
East Asia & Pacific (IDA & IBRD countries),TEA,2006,1884292297
East Asia & Pacific (IDA & IBRD countries),TEA,2007,1898416530
East Asia & Pacific (IDA & IBRD countries),TEA,2008,1912402987
East Asia & Pacific (IDA & IBRD countries),TEA,2009,1926269218
East Asia & Pacific (IDA & IBRD countries),TEA,2010,1940064830
East Asia & Pacific (IDA & IBRD countries),TEA,2011,1953970563
East Asia & Pacific (IDA & IBRD countries),TEA,2012,1968120178
East Asia & Pacific (IDA & IBRD countries),TEA,2013,1982414412
East Asia & Pacific (IDA & IBRD countries),TEA,2014,1996870376
East Asia & Pacific (IDA & IBRD countries),TEA,2015,2011274432
East Asia & Pacific (IDA & IBRD countries),TEA,2016,2026028438
Euro area,EMU,1960,265396502
Euro area,EMU,1961,267825309
Euro area,EMU,1962,270324828
Euro area,EMU,1963,272876447
Euro area,EMU,1964,275382197
Euro area,EMU,1965,277856703
Euro area,EMU,1966,280147494
Euro area,EMU,1967,282114545
Euro area,EMU,1968,283966953
Euro area,EMU,1969,285855058
Euro area,EMU,1970,287416205
Euro area,EMU,1971,289032499
Euro area,EMU,1972,291040689
Euro area,EMU,1973,292961768
Euro area,EMU,1974,294689415
Euro area,EMU,1975,296244715
Euro area,EMU,1976,297573002
Euro area,EMU,1977,298738608
Euro area,EMU,1978,299908948
Euro area,EMU,1979,301099972
Euro area,EMU,1980,302363486
Euro area,EMU,1981,303498663
Euro area,EMU,1982,304314034
Euro area,EMU,1983,304920007
Euro area,EMU,1984,305432240
Euro area,EMU,1985,306018719
Euro area,EMU,1986,306797207
Euro area,EMU,1987,307668322
Euro area,EMU,1988,308725859
Euro area,EMU,1989,310080079
Euro area,EMU,1990,311539698
Euro area,EMU,1991,312708143
Euro area,EMU,1992,314162055
Euro area,EMU,1993,315449102
Euro area,EMU,1994,316366781
Euro area,EMU,1995,317181450
Euro area,EMU,1996,318003013
Euro area,EMU,1997,318761758
Euro area,EMU,1998,319433986
Euro area,EMU,1999,320258899
Euro area,EMU,2000,321310785
Euro area,EMU,2001,322547881
Euro area,EMU,2002,324125338
Euro area,EMU,2003,325885962
Euro area,EMU,2004,327682509
Euro area,EMU,2005,329380418
Euro area,EMU,2006,330922786
Euro area,EMU,2007,332645168
Euro area,EMU,2008,334274731
Euro area,EMU,2009,335360887
Euro area,EMU,2010,336151479
Euro area,EMU,2011,335425831
Euro area,EMU,2012,336167296
Euro area,EMU,2013,337296873
Euro area,EMU,2014,338429646
Euro area,EMU,2015,339519210
Euro area,EMU,2016,340894606
Europe & Central Asia,ECS,1960,667246384
Europe & Central Asia,ECS,1961,674972972
Europe & Central Asia,ECS,1962,682938669
Europe & Central Asia,ECS,1963,690962675
Europe & Central Asia,ECS,1964,698905664
Europe & Central Asia,ECS,1965,706609007
Europe & Central Asia,ECS,1966,713341112
Europe & Central Asia,ECS,1967,719879789
Europe & Central Asia,ECS,1968,726161895
Europe & Central Asia,ECS,1969,732317863
Europe & Central Asia,ECS,1970,737948178
Europe & Central Asia,ECS,1971,743607439
Europe & Central Asia,ECS,1972,749815857
Europe & Central Asia,ECS,1973,755867961
Europe & Central Asia,ECS,1974,761701324
Europe & Central Asia,ECS,1975,767332578
Europe & Central Asia,ECS,1976,772838318
Europe & Central Asia,ECS,1977,778094845
Europe & Central Asia,ECS,1978,783298994
Europe & Central Asia,ECS,1979,788525199
Europe & Central Asia,ECS,1980,793937090
Europe & Central Asia,ECS,1981,799215272
Europe & Central Asia,ECS,1982,803972967
Europe & Central Asia,ECS,1983,808524728
Europe & Central Asia,ECS,1984,813281381
Europe & Central Asia,ECS,1985,818146882
Europe & Central Asia,ECS,1986,823155058
Europe & Central Asia,ECS,1987,828213790
Europe & Central Asia,ECS,1988,833315236
Europe & Central Asia,ECS,1989,838462813
Europe & Central Asia,ECS,1990,842848473
Europe & Central Asia,ECS,1991,846178277
Europe & Central Asia,ECS,1992,849656744
Europe & Central Asia,ECS,1993,852762014
Europe & Central Asia,ECS,1994,854723057
Europe & Central Asia,ECS,1995,856352861
Europe & Central Asia,ECS,1996,857652703
Europe & Central Asia,ECS,1997,859112727
Europe & Central Asia,ECS,1998,860236344
Europe & Central Asia,ECS,1999,861380105
Europe & Central Asia,ECS,2000,862304084
Europe & Central Asia,ECS,2001,863615633
Europe & Central Asia,ECS,2002,865196877
Europe & Central Asia,ECS,2003,867457662
Europe & Central Asia,ECS,2004,870030758
Europe & Central Asia,ECS,2005,872661621
Europe & Central Asia,ECS,2006,875343230
Europe & Central Asia,ECS,2007,878465992
Europe & Central Asia,ECS,2008,881965816
Europe & Central Asia,ECS,2009,885591693
Europe & Central Asia,ECS,2010,889016221
Europe & Central Asia,ECS,2011,891094964
Europe & Central Asia,ECS,2012,894666669
Europe & Central Asia,ECS,2013,898855113
Europe & Central Asia,ECS,2014,903094668
Europe & Central Asia,ECS,2015,907424836
Europe & Central Asia,ECS,2016,911995305
Europe & Central Asia (excluding high income),ECA,1960,279087938
Europe & Central Asia (excluding high income),ECA,1961,283416986
Europe & Central Asia (excluding high income),ECA,1962,287761794
Europe & Central Asia (excluding high income),ECA,1963,292120322
Europe & Central Asia (excluding high income),ECA,1964,296463073
Europe & Central Asia (excluding high income),ECA,1965,300740822
Europe & Central Asia (excluding high income),ECA,1966,304356201
Europe & Central Asia (excluding high income),ECA,1967,308039772
Europe & Central Asia (excluding high income),ECA,1968,311636189
Europe & Central Asia (excluding high income),ECA,1969,315162240
Europe & Central Asia (excluding high income),ECA,1970,318699628
Europe & Central Asia (excluding high income),ECA,1971,322234890
Europe & Central Asia (excluding high income),ECA,1972,325762116
Europe & Central Asia (excluding high income),ECA,1973,329267807
Europe & Central Asia (excluding high income),ECA,1974,332789612
Europe & Central Asia (excluding high income),ECA,1975,336330171
Europe & Central Asia (excluding high income),ECA,1976,340024688
Europe & Central Asia (excluding high income),ECA,1977,343646223
Europe & Central Asia (excluding high income),ECA,1978,347250227
Europe & Central Asia (excluding high income),ECA,1979,350823401
Europe & Central Asia (excluding high income),ECA,1980,354494056
Europe & Central Asia (excluding high income),ECA,1981,358233804
Europe & Central Asia (excluding high income),ECA,1982,361802765
Europe & Central Asia (excluding high income),ECA,1983,365350752
Europe & Central Asia (excluding high income),ECA,1984,369141750
Europe & Central Asia (excluding high income),ECA,1985,372949384
Europe & Central Asia (excluding high income),ECA,1986,376730350
Europe & Central Asia (excluding high income),ECA,1987,380496651
Europe & Central Asia (excluding high income),ECA,1988,384146656
Europe & Central Asia (excluding high income),ECA,1989,387627353
Europe & Central Asia (excluding high income),ECA,1990,390207446
Europe & Central Asia (excluding high income),ECA,1991,391907109
Europe & Central Asia (excluding high income),ECA,1992,393481005
Europe & Central Asia (excluding high income),ECA,1993,394905543
Europe & Central Asia (excluding high income),ECA,1994,395568548
Europe & Central Asia (excluding high income),ECA,1995,396053579
Europe & Central Asia (excluding high income),ECA,1996,396285161
Europe & Central Asia (excluding high income),ECA,1997,396772932
Europe & Central Asia (excluding high income),ECA,1998,396999014
Europe & Central Asia (excluding high income),ECA,1999,397071924
Europe & Central Asia (excluding high income),ECA,2000,397083969
Europe & Central Asia (excluding high income),ECA,2001,396886165
Europe & Central Asia (excluding high income),ECA,2002,396574307
Europe & Central Asia (excluding high income),ECA,2003,396720391
Europe & Central Asia (excluding high income),ECA,2004,397064999
Europe & Central Asia (excluding high income),ECA,2005,397469492
Europe & Central Asia (excluding high income),ECA,2006,398011334
Europe & Central Asia (excluding high income),ECA,2007,398693705
Europe & Central Asia (excluding high income),ECA,2008,399739094
Europe & Central Asia (excluding high income),ECA,2009,401472949
Europe & Central Asia (excluding high income),ECA,2010,403470694
Europe & Central Asia (excluding high income),ECA,2011,405521953
Europe & Central Asia (excluding high income),ECA,2012,407706585
Europe & Central Asia (excluding high income),ECA,2013,410126644
Europe & Central Asia (excluding high income),ECA,2014,412510951
Europe & Central Asia (excluding high income),ECA,2015,414975737
Europe & Central Asia (excluding high income),ECA,2016,417424643
Europe & Central Asia (IDA & IBRD countries),TEC,1960,308725388
Europe & Central Asia (IDA & IBRD countries),TEC,1961,313380986
Europe & Central Asia (IDA & IBRD countries),TEC,1962,318070294
Europe & Central Asia (IDA & IBRD countries),TEC,1963,322832322
Europe & Central Asia (IDA & IBRD countries),TEC,1964,327602523
Europe & Central Asia (IDA & IBRD countries),TEC,1965,332185772
Europe & Central Asia (IDA & IBRD countries),TEC,1966,336037201
Europe & Central Asia (IDA & IBRD countries),TEC,1967,340026927
Europe & Central Asia (IDA & IBRD countries),TEC,1968,343930844
Europe & Central Asia (IDA & IBRD countries),TEC,1969,347710540
Europe & Central Asia (IDA & IBRD countries),TEC,1970,351363928
Europe & Central Asia (IDA & IBRD countries),TEC,1971,355018390
Europe & Central Asia (IDA & IBRD countries),TEC,1972,358817766
Europe & Central Asia (IDA & IBRD countries),TEC,1973,362625007
Europe & Central Asia (IDA & IBRD countries),TEC,1974,366468511
Europe & Central Asia (IDA & IBRD countries),TEC,1975,370345370
Europe & Central Asia (IDA & IBRD countries),TEC,1976,374380988
Europe & Central Asia (IDA & IBRD countries),TEC,1977,378335273
Europe & Central Asia (IDA & IBRD countries),TEC,1978,382215827
Europe & Central Asia (IDA & IBRD countries),TEC,1979,386070618
Europe & Central Asia (IDA & IBRD countries),TEC,1980,390068206
Europe & Central Asia (IDA & IBRD countries),TEC,1981,394132391
Europe & Central Asia (IDA & IBRD countries),TEC,1982,398033246
Europe & Central Asia (IDA & IBRD countries),TEC,1983,401922560
Europe & Central Asia (IDA & IBRD countries),TEC,1984,406045884
Europe & Central Asia (IDA & IBRD countries),TEC,1985,410151269
Europe & Central Asia (IDA & IBRD countries),TEC,1986,414186469
Europe & Central Asia (IDA & IBRD countries),TEC,1987,418164696
Europe & Central Asia (IDA & IBRD countries),TEC,1988,421971143
Europe & Central Asia (IDA & IBRD countries),TEC,1989,425588882
Europe & Central Asia (IDA & IBRD countries),TEC,1990,428318228
Europe & Central Asia (IDA & IBRD countries),TEC,1991,430153302
Europe & Central Asia (IDA & IBRD countries),TEC,1992,431844672
Europe & Central Asia (IDA & IBRD countries),TEC,1993,433366951
Europe & Central Asia (IDA & IBRD countries),TEC,1994,434111200
Europe & Central Asia (IDA & IBRD countries),TEC,1995,434648577
Europe & Central Asia (IDA & IBRD countries),TEC,1996,434909531
Europe & Central Asia (IDA & IBRD countries),TEC,1997,435422592
Europe & Central Asia (IDA & IBRD countries),TEC,1998,435662495
Europe & Central Asia (IDA & IBRD countries),TEC,1999,435732195
Europe & Central Asia (IDA & IBRD countries),TEC,2000,435342598
Europe & Central Asia (IDA & IBRD countries),TEC,2001,435134241
Europe & Central Asia (IDA & IBRD countries),TEC,2002,434804671
Europe & Central Asia (IDA & IBRD countries),TEC,2003,434924961
Europe & Central Asia (IDA & IBRD countries),TEC,2004,435247221
Europe & Central Asia (IDA & IBRD countries),TEC,2005,435634937
Europe & Central Asia (IDA & IBRD countries),TEC,2006,436152601
Europe & Central Asia (IDA & IBRD countries),TEC,2007,436814265
Europe & Central Asia (IDA & IBRD countries),TEC,2008,437864853
Europe & Central Asia (IDA & IBRD countries),TEC,2009,439624552
Europe & Central Asia (IDA & IBRD countries),TEC,2010,441513488
Europe & Central Asia (IDA & IBRD countries),TEC,2011,443585208
Europe & Central Asia (IDA & IBRD countries),TEC,2012,445769749
Europe & Central Asia (IDA & IBRD countries),TEC,2013,448166840
Europe & Central Asia (IDA & IBRD countries),TEC,2014,450522686
Europe & Central Asia (IDA & IBRD countries),TEC,2015,452962149
Europe & Central Asia (IDA & IBRD countries),TEC,2016,455372659
European Union,EUU,1960,409498463
European Union,EUU,1961,413007006
European Union,EUU,1962,416670637
European Union,EUU,1963,420393293
European Union,EUU,1964,424075858
European Union,EUU,1965,427592605
European Union,EUU,1966,430868372
European Union,EUU,1967,434001556
European Union,EUU,1968,436916059
European Union,EUU,1969,439730656
European Union,EUU,1970,442062266
European Union,EUU,1971,444400996
European Union,EUU,1972,447253578
European Union,EUU,1973,449960637
European Union,EUU,1974,452475893
European Union,EUU,1975,454865483
European Union,EUU,1976,457001001
European Union,EUU,1977,458888174
European Union,EUU,1978,460699315
European Union,EUU,1979,462488540
European Union,EUU,1980,464392913
European Union,EUU,1981,466099879
European Union,EUU,1982,467389436
European Union,EUU,1983,468468840
European Union,EUU,1984,469501597
European Union,EUU,1985,470637754
European Union,EUU,1986,471937316
European Union,EUU,1987,473284093
European Union,EUU,1988,474792549
European Union,EUU,1989,476392094
European Union,EUU,1990,478005307
European Union,EUU,1991,478976406
European Union,EUU,1992,480438473
European Union,EUU,1993,482099284
European Union,EUU,1994,483262847
European Union,EUU,1995,484271345
European Union,EUU,1996,485000714
European Union,EUU,1997,485892088
European Union,EUU,1998,486565874
European Union,EUU,1999,487539363
European Union,EUU,2000,488178830
European Union,EUU,2001,489155666
European Union,EUU,2002,490390251
European Union,EUU,2003,492200115
European Union,EUU,2004,494162545
European Union,EUU,2005,496115011
European Union,EUU,2006,497973707
European Union,EUU,2007,499916649
European Union,EUU,2008,501808478
European Union,EUU,2009,503317964
European Union,EUU,2010,504421131
European Union,EUU,2011,504012082
European Union,EUU,2012,505104334
European Union,EUU,2013,506592457
European Union,EUU,2014,508157247
European Union,EUU,2015,509703315
European Union,EUU,2016,511497415
Fragile and conflict affected situations,FCS,1960,121765037
Fragile and conflict affected situations,FCS,1961,124558907
Fragile and conflict affected situations,FCS,1962,127465500
Fragile and conflict affected situations,FCS,1963,130492518
Fragile and conflict affected situations,FCS,1964,133661787
Fragile and conflict affected situations,FCS,1965,136988867
Fragile and conflict affected situations,FCS,1966,140486338
Fragile and conflict affected situations,FCS,1967,144152478
Fragile and conflict affected situations,FCS,1968,147967143
Fragile and conflict affected situations,FCS,1969,151904121
Fragile and conflict affected situations,FCS,1970,155946806
Fragile and conflict affected situations,FCS,1971,160072960
Fragile and conflict affected situations,FCS,1972,164297540
Fragile and conflict affected situations,FCS,1973,168673430
Fragile and conflict affected situations,FCS,1974,173281249
Fragile and conflict affected situations,FCS,1975,178166730
Fragile and conflict affected situations,FCS,1976,183363175
Fragile and conflict affected situations,FCS,1977,188827291
Fragile and conflict affected situations,FCS,1978,194446551
Fragile and conflict affected situations,FCS,1979,200065012
Fragile and conflict affected situations,FCS,1980,205569660
Fragile and conflict affected situations,FCS,1981,210939026
Fragile and conflict affected situations,FCS,1982,216213145
Fragile and conflict affected situations,FCS,1983,221432781
Fragile and conflict affected situations,FCS,1984,226660414
Fragile and conflict affected situations,FCS,1985,231956914
Fragile and conflict affected situations,FCS,1986,237300542
Fragile and conflict affected situations,FCS,1987,242711060
Fragile and conflict affected situations,FCS,1988,248333373
Fragile and conflict affected situations,FCS,1989,254349779
Fragile and conflict affected situations,FCS,1990,262862202
Fragile and conflict affected situations,FCS,1991,270090401
Fragile and conflict affected situations,FCS,1992,277863547
Fragile and conflict affected situations,FCS,1993,285986364
Fragile and conflict affected situations,FCS,1994,294177517
Fragile and conflict affected situations,FCS,1995,302240865
Fragile and conflict affected situations,FCS,1996,310098332
Fragile and conflict affected situations,FCS,1997,317827011
Fragile and conflict affected situations,FCS,1998,325374011
Fragile and conflict affected situations,FCS,1999,333069571
Fragile and conflict affected situations,FCS,2000,341295147
Fragile and conflict affected situations,FCS,2001,350015363
Fragile and conflict affected situations,FCS,2002,359110192
Fragile and conflict affected situations,FCS,2003,368514375
Fragile and conflict affected situations,FCS,2004,378123879
Fragile and conflict affected situations,FCS,2005,387862311
Fragile and conflict affected situations,FCS,2006,397732436
Fragile and conflict affected situations,FCS,2007,407747286
Fragile and conflict affected situations,FCS,2008,417919663
Fragile and conflict affected situations,FCS,2009,428246870
Fragile and conflict affected situations,FCS,2010,438737943
Fragile and conflict affected situations,FCS,2011,449398455
Fragile and conflict affected situations,FCS,2012,460228236
Fragile and conflict affected situations,FCS,2013,471253115
Fragile and conflict affected situations,FCS,2014,482474449
Fragile and conflict affected situations,FCS,2015,493919601
Fragile and conflict affected situations,FCS,2016,505635987
Heavily indebted poor countries (HIPC),HPC,1960,162495580
Heavily indebted poor countries (HIPC),HPC,1961,166348536
Heavily indebted poor countries (HIPC),HPC,1962,170348129
Heavily indebted poor countries (HIPC),HPC,1963,174502178
Heavily indebted poor countries (HIPC),HPC,1964,178820615
Heavily indebted poor countries (HIPC),HPC,1965,183311108
Heavily indebted poor countries (HIPC),HPC,1966,187976481
Heavily indebted poor countries (HIPC),HPC,1967,192817243
Heavily indebted poor countries (HIPC),HPC,1968,197836081
Heavily indebted poor countries (HIPC),HPC,1969,203035027
Heavily indebted poor countries (HIPC),HPC,1970,208415064
Heavily indebted poor countries (HIPC),HPC,1971,213978472
Heavily indebted poor countries (HIPC),HPC,1972,219724282
Heavily indebted poor countries (HIPC),HPC,1973,225645580
Heavily indebted poor countries (HIPC),HPC,1974,231732881
Heavily indebted poor countries (HIPC),HPC,1975,237979218
Heavily indebted poor countries (HIPC),HPC,1976,244394102
Heavily indebted poor countries (HIPC),HPC,1977,250981876
Heavily indebted poor countries (HIPC),HPC,1978,257725573
Heavily indebted poor countries (HIPC),HPC,1979,264602415
Heavily indebted poor countries (HIPC),HPC,1980,271603169
Heavily indebted poor countries (HIPC),HPC,1981,278728186
Heavily indebted poor countries (HIPC),HPC,1982,286006012
Heavily indebted poor countries (HIPC),HPC,1983,293492340
Heavily indebted poor countries (HIPC),HPC,1984,301260428
Heavily indebted poor countries (HIPC),HPC,1985,309370058
Heavily indebted poor countries (HIPC),HPC,1986,317825339
Heavily indebted poor countries (HIPC),HPC,1987,326631480
Heavily indebted poor countries (HIPC),HPC,1988,335847788
Heavily indebted poor countries (HIPC),HPC,1989,345544609
Heavily indebted poor countries (HIPC),HPC,1990,355762200
Heavily indebted poor countries (HIPC),HPC,1991,366551884
Heavily indebted poor countries (HIPC),HPC,1992,377879250
Heavily indebted poor countries (HIPC),HPC,1993,389594161
Heavily indebted poor countries (HIPC),HPC,1994,401488248
Heavily indebted poor countries (HIPC),HPC,1995,413418810
Heavily indebted poor countries (HIPC),HPC,1996,425324425
Heavily indebted poor countries (HIPC),HPC,1997,437269757
Heavily indebted poor countries (HIPC),HPC,1998,449393754
Heavily indebted poor countries (HIPC),HPC,1999,461899663
Heavily indebted poor countries (HIPC),HPC,2000,474935556
Heavily indebted poor countries (HIPC),HPC,2001,488553040
Heavily indebted poor countries (HIPC),HPC,2002,502710676
Heavily indebted poor countries (HIPC),HPC,2003,517352559
Heavily indebted poor countries (HIPC),HPC,2004,532385197
Heavily indebted poor countries (HIPC),HPC,2005,547744433
Heavily indebted poor countries (HIPC),HPC,2006,563415107
Heavily indebted poor countries (HIPC),HPC,2007,579434057
Heavily indebted poor countries (HIPC),HPC,2008,595849807
Heavily indebted poor countries (HIPC),HPC,2009,612731524
Heavily indebted poor countries (HIPC),HPC,2010,630127436
Heavily indebted poor countries (HIPC),HPC,2011,648053253
Heavily indebted poor countries (HIPC),HPC,2012,666488623
Heavily indebted poor countries (HIPC),HPC,2013,685401960
Heavily indebted poor countries (HIPC),HPC,2014,704745420
Heavily indebted poor countries (HIPC),HPC,2015,724482652
Heavily indebted poor countries (HIPC),HPC,2016,744602976
High income,HIC,1960,754609427
High income,HIC,1961,765954945
High income,HIC,1962,775951378
High income,HIC,1963,785862106
High income,HIC,1964,795665202
High income,HIC,1965,805075170
High income,HIC,1966,813853230
High income,HIC,1967,822241252
High income,HIC,1968,829645659
High income,HIC,1969,838753008
High income,HIC,1970,846882888
High income,HIC,1971,855639296
High income,HIC,1972,864539350
High income,HIC,1973,872567660
High income,HIC,1974,881670409
High income,HIC,1975,890246720
High income,HIC,1976,897372543
High income,HIC,1977,904741646
High income,HIC,1978,912161808
High income,HIC,1979,919955840
High income,HIC,1980,927553164
High income,HIC,1981,935158734
High income,HIC,1982,942355372
High income,HIC,1983,949117924
High income,HIC,1984,955531829
High income,HIC,1985,961975411
High income,HIC,1986,968708868
High income,HIC,1987,975426680
High income,HIC,1988,982292069
High income,HIC,1989,989594399
High income,HIC,1990,997353719
High income,HIC,1991,1005572310
High income,HIC,1992,1011955640
High income,HIC,1993,1019867916
High income,HIC,1994,1027255148
High income,HIC,1995,1036155042
High income,HIC,1996,1043361631
High income,HIC,1997,1050343650
High income,HIC,1998,1057108848
High income,HIC,1999,1063829397
High income,HIC,2000,1070496404
High income,HIC,2001,1077634323
High income,HIC,2002,1084822379
High income,HIC,2003,1091996228
High income,HIC,2004,1099536199
High income,HIC,2005,1107240168
High income,HIC,2006,1115520890
High income,HIC,2007,1124299890
High income,HIC,2008,1133634254
High income,HIC,2009,1141985286
High income,HIC,2010,1149511694
High income,HIC,2011,1154998991
High income,HIC,2012,1161900127
High income,HIC,2013,1168843771
High income,HIC,2014,1175966521
High income,HIC,2015,1182929820
High income,HIC,2016,1190029421
IBRD only,IBD,1960,1919407887
IBRD only,IBD,1961,1939836298
IBRD only,IBD,1962,1973218329
IBRD only,IBD,1963,2018350305
IBRD only,IBD,1964,2063746670
IBRD only,IBD,1965,2110279679
IBRD only,IBD,1966,2160019389
IBRD only,IBD,1967,2209396889
IBRD only,IBD,1968,2260184564
IBRD only,IBD,1969,2313158771
IBRD only,IBD,1970,2367654009
IBRD only,IBD,1971,2423465508
IBRD only,IBD,1972,2478408044
IBRD only,IBD,1973,2533174002
IBRD only,IBD,1974,2587071115
IBRD only,IBD,1975,2639203803
IBRD only,IBD,1976,2690222169
IBRD only,IBD,1977,2740145512
IBRD only,IBD,1978,2790579600
IBRD only,IBD,1979,2841958816
IBRD only,IBD,1980,2893772908
IBRD only,IBD,1981,2946735091
IBRD only,IBD,1982,3002548293
IBRD only,IBD,1983,3058911508
IBRD only,IBD,1984,3114789711
IBRD only,IBD,1985,3171656036
IBRD only,IBD,1986,3230286974
IBRD only,IBD,1987,3290559744
IBRD only,IBD,1988,3351016862
IBRD only,IBD,1989,3410607766
IBRD only,IBD,1990,3468363155
IBRD only,IBD,1991,3524156900
IBRD only,IBD,1992,3578122909
IBRD only,IBD,1993,3631077834
IBRD only,IBD,1994,3683170309
IBRD only,IBD,1995,3734660463
IBRD only,IBD,1996,3785506609
IBRD only,IBD,1997,3836417837
IBRD only,IBD,1998,3886504193
IBRD only,IBD,1999,3935412182
IBRD only,IBD,2000,3982443142
IBRD only,IBD,2001,4028377292
IBRD only,IBD,2002,4073362379.88287
IBRD only,IBD,2003,4118095710.89893
IBRD only,IBD,2004,4162639288.99137
IBRD only,IBD,2005,4207162999.24397
IBRD only,IBD,2006,4251352513.48499
IBRD only,IBD,2007,4295109673.99093
IBRD only,IBD,2008,4339073871.29553
IBRD only,IBD,2009,4383580939.1102
IBRD only,IBD,2010,4427798045.36223
IBRD only,IBD,2011,4472295862.35782
IBRD only,IBD,2012,4517416870.07723
IBRD only,IBD,2013,4562691124.61008
IBRD only,IBD,2014,4607807730.73916
IBRD only,IBD,2015,4652578286.68203
IBRD only,IBD,2016,4697247117
IDA & IBRD total,IBT,1960,2301897627
IDA & IBRD total,IBT,1961,2331635822
IDA & IBRD total,IBT,1962,2374688722
IDA & IBRD total,IBT,1963,2429878060
IDA & IBRD total,IBT,1964,2485749333
IDA & IBRD total,IBT,1965,2543190731
IDA & IBRD total,IBT,1966,2604311574
IDA & IBRD total,IBT,1967,2665519130
IDA & IBRD total,IBT,1968,2728489377
IDA & IBRD total,IBT,1969,2793865148
IDA & IBRD total,IBT,1970,2860891191
IDA & IBRD total,IBT,1971,2929334010
IDA & IBRD total,IBT,1972,2997073809
IDA & IBRD total,IBT,1973,3064933022
IDA & IBRD total,IBT,1974,3132415989
IDA & IBRD total,IBT,1975,3198758000
IDA & IBRD total,IBT,1976,3264663646
IDA & IBRD total,IBT,1977,3330121247
IDA & IBRD total,IBT,1978,3396706897
IDA & IBRD total,IBT,1979,3464795884
IDA & IBRD total,IBT,1980,3533831065
IDA & IBRD total,IBT,1981,3604524700
IDA & IBRD total,IBT,1982,3678602357
IDA & IBRD total,IBT,1983,3753779743
IDA & IBRD total,IBT,1984,3829034886
IDA & IBRD total,IBT,1985,3905848914
IDA & IBRD total,IBT,1986,3984993015
IDA & IBRD total,IBT,1987,4066327440
IDA & IBRD total,IBT,1988,4148376854
IDA & IBRD total,IBT,1989,4230092461
IDA & IBRD total,IBT,1990,4310509136
IDA & IBRD total,IBT,1991,4389375611
IDA & IBRD total,IBT,1992,4466925145
IDA & IBRD total,IBT,1993,4543801237
IDA & IBRD total,IBT,1994,4620029667
IDA & IBRD total,IBT,1995,4695886903
IDA & IBRD total,IBT,1996,4771331934
IDA & IBRD total,IBT,1997,4847036638
IDA & IBRD total,IBT,1998,4922022165
IDA & IBRD total,IBT,1999,4996027951
IDA & IBRD total,IBT,2000,5068859280
IDA & IBRD total,IBT,2001,5141153664
IDA & IBRD total,IBT,2002,5213009068.88287
IDA & IBRD total,IBT,2003,5285116715.89893
IDA & IBRD total,IBT,2004,5357527607.99137
IDA & IBRD total,IBT,2005,5430388379.24397
IDA & IBRD total,IBT,2006,5503417422.48499
IDA & IBRD total,IBT,2007,5576571342.99093
IDA & IBRD total,IBT,2008,5650516692.29553
IDA & IBRD total,IBT,2009,5725606720.1102
IDA & IBRD total,IBT,2010,5801348625.36223
IDA & IBRD total,IBT,2011,5877978113.35782
IDA & IBRD total,IBT,2012,5955531931.07723
IDA & IBRD total,IBT,2013,6033914680.61008
IDA & IBRD total,IBT,2014,6112778044.73916
IDA & IBRD total,IBT,2015,6191917217.68203
IDA & IBRD total,IBT,2016,6271593092
IDA blend,IDB,1960,123195063
IDA blend,IDB,1961,126145959
IDA blend,IDB,1962,129235885
IDA blend,IDB,1963,132460233
IDA blend,IDB,1964,135810058
IDA blend,IDB,1965,139283107
IDA blend,IDB,1966,142884219
IDA blend,IDB,1967,146618832
IDA blend,IDB,1968,150482659
IDA blend,IDB,1969,154472531
IDA blend,IDB,1970,158588589
IDA blend,IDB,1971,162826704
IDA blend,IDB,1972,167198554
IDA blend,IDB,1973,171751733
IDA blend,IDB,1974,176545424
IDA blend,IDB,1975,181619647
IDA blend,IDB,1976,186993690
IDA blend,IDB,1977,192650981
IDA blend,IDB,1978,198566333
IDA blend,IDB,1979,204695751
IDA blend,IDB,1980,211007189
IDA blend,IDB,1981,217484839
IDA blend,IDB,1982,224129826
IDA blend,IDB,1983,230943958
IDA blend,IDB,1984,237935069
IDA blend,IDB,1985,245102022
IDA blend,IDB,1986,252445129
IDA blend,IDB,1987,259944139
IDA blend,IDB,1988,267549711
IDA blend,IDB,1989,275200141
IDA blend,IDB,1990,282899816
IDA blend,IDB,1991,290487021
IDA blend,IDB,1992,298118128
IDA blend,IDB,1993,305759721
IDA blend,IDB,1994,313402026
IDA blend,IDB,1995,321107441
IDA blend,IDB,1996,328964394
IDA blend,IDB,1997,336924643
IDA blend,IDB,1998,344939833
IDA blend,IDB,1999,352915069
IDA blend,IDB,2000,361050467
IDA blend,IDB,2001,369246309
IDA blend,IDB,2002,377544104
IDA blend,IDB,2003,385980348
IDA blend,IDB,2004,394625729
IDA blend,IDB,2005,403526930
IDA blend,IDB,2006,412705870
IDA blend,IDB,2007,422204235
IDA blend,IDB,2008,432032769
IDA blend,IDB,2009,442179341
IDA blend,IDB,2010,452947421
IDA blend,IDB,2011,463997812
IDA blend,IDB,2012,474993526
IDA blend,IDB,2013,486261860
IDA blend,IDB,2014,497751634
IDA blend,IDB,2015,509396383
IDA blend,IDB,2016,521159393
IDA only,IDX,1960,259294677
IDA only,IDX,1961,265653565
IDA only,IDX,1962,272234508
IDA only,IDX,1963,279067522
IDA only,IDX,1964,286192605
IDA only,IDX,1965,293627945
IDA only,IDX,1966,301407966
IDA only,IDX,1967,309503409
IDA only,IDX,1968,317822154
IDA only,IDX,1969,326233846
IDA only,IDX,1970,334648593
IDA only,IDX,1971,343041798
IDA only,IDX,1972,351467211
IDA only,IDX,1973,360007287
IDA only,IDX,1974,368799450
IDA only,IDX,1975,377934550
IDA only,IDX,1976,387447787
IDA only,IDX,1977,397324754
IDA only,IDX,1978,407560964
IDA only,IDX,1979,418141317
IDA only,IDX,1980,429050968
IDA only,IDX,1981,440304770
IDA only,IDX,1982,451924238
IDA only,IDX,1983,463924277
IDA only,IDX,1984,476310106
IDA only,IDX,1985,489090856
IDA only,IDX,1986,502260912
IDA only,IDX,1987,515823557
IDA only,IDX,1988,529810281
IDA only,IDX,1989,544284554
IDA only,IDX,1990,559246165
IDA only,IDX,1991,574731690
IDA only,IDX,1992,590684108
IDA only,IDX,1993,606963682
IDA only,IDX,1994,623457332
IDA only,IDX,1995,640118999
IDA only,IDX,1996,656860931
IDA only,IDX,1997,673694158
IDA only,IDX,1998,690578139
IDA only,IDX,1999,707700700
IDA only,IDX,2000,725365671
IDA only,IDX,2001,743530063
IDA only,IDX,2002,762102585
IDA only,IDX,2003,781040657
IDA only,IDX,2004,800262590
IDA only,IDX,2005,819698450
IDA only,IDX,2006,839359039
IDA only,IDX,2007,859257434
IDA only,IDX,2008,879410052
IDA only,IDX,2009,899846440
IDA only,IDX,2010,920603159
IDA only,IDX,2011,941684439
IDA only,IDX,2012,963121535
IDA only,IDX,2013,984961696
IDA only,IDX,2014,1007218680
IDA only,IDX,2015,1029942548
IDA only,IDX,2016,1053186582
IDA total,IDA,1960,382489740
IDA total,IDA,1961,391799524
IDA total,IDA,1962,401470393
IDA total,IDA,1963,411527755
IDA total,IDA,1964,422002663
IDA total,IDA,1965,432911052
IDA total,IDA,1966,444292185
IDA total,IDA,1967,456122241
IDA total,IDA,1968,468304813
IDA total,IDA,1969,480706377
IDA total,IDA,1970,493237182
IDA total,IDA,1971,505868502
IDA total,IDA,1972,518665765
IDA total,IDA,1973,531759020
IDA total,IDA,1974,545344874
IDA total,IDA,1975,559554197
IDA total,IDA,1976,574441477
IDA total,IDA,1977,589975735
IDA total,IDA,1978,606127297
IDA total,IDA,1979,622837068
IDA total,IDA,1980,640058157
IDA total,IDA,1981,657789609
IDA total,IDA,1982,676054064
IDA total,IDA,1983,694868235
IDA total,IDA,1984,714245175
IDA total,IDA,1985,734192878
IDA total,IDA,1986,754706041
IDA total,IDA,1987,775767696
IDA total,IDA,1988,797359992
IDA total,IDA,1989,819484695
IDA total,IDA,1990,842145981
IDA total,IDA,1991,865218711
IDA total,IDA,1992,888802236
IDA total,IDA,1993,912723403
IDA total,IDA,1994,936859358
IDA total,IDA,1995,961226440
IDA total,IDA,1996,985825325
IDA total,IDA,1997,1010618801
IDA total,IDA,1998,1035517972
IDA total,IDA,1999,1060615769
IDA total,IDA,2000,1086416138
IDA total,IDA,2001,1112776372
IDA total,IDA,2002,1139646689
IDA total,IDA,2003,1167021005
IDA total,IDA,2004,1194888319
IDA total,IDA,2005,1223225380
IDA total,IDA,2006,1252064909
IDA total,IDA,2007,1281461669
IDA total,IDA,2008,1311442821
IDA total,IDA,2009,1342025781
IDA total,IDA,2010,1373550580
IDA total,IDA,2011,1405682251
IDA total,IDA,2012,1438115061
IDA total,IDA,2013,1471223556
IDA total,IDA,2014,1504970314
IDA total,IDA,2015,1539338931
IDA total,IDA,2016,1574345975
Late-demographic dividend,LTE,1960,1099314242
Late-demographic dividend,LTE,1961,1101437594
Late-demographic dividend,LTE,1962,1115814176
Late-demographic dividend,LTE,1963,1141369524
Late-demographic dividend,LTE,1964,1166686603
Late-demographic dividend,LTE,1965,1192684380
Late-demographic dividend,LTE,1966,1221467515
Late-demographic dividend,LTE,1967,1249422404
Late-demographic dividend,LTE,1968,1278226894
Late-demographic dividend,LTE,1969,1308528257
Late-demographic dividend,LTE,1970,1339564796
Late-demographic dividend,LTE,1971,1371115219
Late-demographic dividend,LTE,1972,1401045511
Late-demographic dividend,LTE,1973,1430110305
Late-demographic dividend,LTE,1974,1457744790
Late-demographic dividend,LTE,1975,1483162765
Late-demographic dividend,LTE,1976,1507058741
Late-demographic dividend,LTE,1977,1529402942
Late-demographic dividend,LTE,1978,1551701372
Late-demographic dividend,LTE,1979,1574205012
Late-demographic dividend,LTE,1980,1596260695
Late-demographic dividend,LTE,1981,1618553932
Late-demographic dividend,LTE,1982,1643017771
Late-demographic dividend,LTE,1983,1667415556
Late-demographic dividend,LTE,1984,1690957098
Late-demographic dividend,LTE,1985,1715338025
Late-demographic dividend,LTE,1986,1741359686
Late-demographic dividend,LTE,1987,1768900972
Late-demographic dividend,LTE,1988,1796575744
Late-demographic dividend,LTE,1989,1823489515
Late-demographic dividend,LTE,1990,1848804300
Late-demographic dividend,LTE,1991,1872462246
Late-demographic dividend,LTE,1992,1892154493
Late-demographic dividend,LTE,1993,1912802703
Late-demographic dividend,LTE,1994,1933029510
Late-demographic dividend,LTE,1995,1954394231
Late-demographic dividend,LTE,1996,1973716477
Late-demographic dividend,LTE,1997,1992872162
Late-demographic dividend,LTE,1998,2011383694
Late-demographic dividend,LTE,1999,2028688232
Late-demographic dividend,LTE,2000,2044405728
Late-demographic dividend,LTE,2001,2059351100
Late-demographic dividend,LTE,2002,2073373008
Late-demographic dividend,LTE,2003,2087062173
Late-demographic dividend,LTE,2004,2100672286
Late-demographic dividend,LTE,2005,2114381754
Late-demographic dividend,LTE,2006,2127904635
Late-demographic dividend,LTE,2007,2141092280
Late-demographic dividend,LTE,2008,2154444388
Late-demographic dividend,LTE,2009,2168123627
Late-demographic dividend,LTE,2010,2181250143
Late-demographic dividend,LTE,2011,2194503254
Late-demographic dividend,LTE,2012,2208049607
Late-demographic dividend,LTE,2013,2221689409
Late-demographic dividend,LTE,2014,2235382535
Late-demographic dividend,LTE,2015,2248927194
Late-demographic dividend,LTE,2016,2262709895
Latin America & Caribbean,LCN,1960,220434162
Latin America & Caribbean,LCN,1961,226564269
Latin America & Caribbean,LCN,1962,232898623
Latin America & Caribbean,LCN,1963,239400168
Latin America & Caribbean,LCN,1964,246016868
Latin America & Caribbean,LCN,1965,252710810
Latin America & Caribbean,LCN,1966,259469769
Latin America & Caribbean,LCN,1967,266297580
Latin America & Caribbean,LCN,1968,273207936
Latin America & Caribbean,LCN,1969,280224095
Latin America & Caribbean,LCN,1970,287360913
Latin America & Caribbean,LCN,1971,294620200
Latin America & Caribbean,LCN,1972,301984111
Latin America & Caribbean,LCN,1973,309446838
Latin America & Caribbean,LCN,1974,316987705
Latin America & Caribbean,LCN,1975,324590353
Latin America & Caribbean,LCN,1976,332247634
Latin America & Caribbean,LCN,1977,339956216
Latin America & Caribbean,LCN,1978,347735376
Latin America & Caribbean,LCN,1979,355592928
Latin America & Caribbean,LCN,1980,363540795
Latin America & Caribbean,LCN,1981,371579141
Latin America & Caribbean,LCN,1982,379699615
Latin America & Caribbean,LCN,1983,387871825
Latin America & Caribbean,LCN,1984,396066751
Latin America & Caribbean,LCN,1985,404253008
Latin America & Caribbean,LCN,1986,412419260
Latin America & Caribbean,LCN,1987,420565926
Latin America & Caribbean,LCN,1988,428704815
Latin America & Caribbean,LCN,1989,436859090
Latin America & Caribbean,LCN,1990,445044474
Latin America & Caribbean,LCN,1991,453251622
Latin America & Caribbean,LCN,1992,461466818
Latin America & Caribbean,LCN,1993,469673464
Latin America & Caribbean,LCN,1994,477832466
Latin America & Caribbean,LCN,1995,485913137
Latin America & Caribbean,LCN,1996,493920486
Latin America & Caribbean,LCN,1997,501837818
Latin America & Caribbean,LCN,1998,509664955
Latin America & Caribbean,LCN,1999,517324341
Latin America & Caribbean,LCN,2000,524829248
Latin America & Caribbean,LCN,2001,532173135
Latin America & Caribbean,LCN,2002,539373531
Latin America & Caribbean,LCN,2003,546480559
Latin America & Caribbean,LCN,2004,553565401
Latin America & Caribbean,LCN,2005,560677294
Latin America & Caribbean,LCN,2006,567825874
Latin America & Caribbean,LCN,2007,574999132
Latin America & Caribbean,LCN,2008,582185012
Latin America & Caribbean,LCN,2009,589352524
Latin America & Caribbean,LCN,2010,596477846
Latin America & Caribbean,LCN,2011,603534610
Latin America & Caribbean,LCN,2012,610545003
Latin America & Caribbean,LCN,2013,617492351
Latin America & Caribbean,LCN,2014,624331830
Latin America & Caribbean,LCN,2015,631058524
Latin America & Caribbean,LCN,2016,637664490